team,name,caps,position,years_since_debut,debut,age,approx_age_debuted,height_cm,weight_kg
Australia,Stephen Moore,102,Hooker,10.5,11-Jun-05,32,22,186,112
Japan,Male Sau,26,Centre,2.6,20-Apr-13,28,25,183,97
South Africa,Pieter-Steph Du Toit,8,Lock,2,9-Nov-13,23,21,200,115
Japan,Harumichi Tatekawa,43,Centre,3.6,28-Apr-12,25,21,181,94
New Zealand,Beauden Barrett,36,Fly Half,3.4,23-Jun-12,24,21,187,91
Argentina,Martín Landajo,52,Scrum Half,5.5,21-May-10,27,22,171,81
New Zealand,Ben Smith,48,Wing,6,14-Nov-09,29,23,186,94
Scotland,David Denton,32,Back Row,4.3,6-Aug-11,25,21,196,114
Samoa,Wayne Ole Avei,24,Hooker,4.4,2-Jul-11,32,28,178,114
Japan,Hitoshi Ono,96,Lock,11.5,16-May-04,37,26,192,106
Tonga,Will Helu,23,Wing,5.4,19-Jun-10,29,24,190,89
Wales,Luke Charteris,62,Lock,11.1,6-Nov-04,32,21,206,125
Tonga,Latiume Fosita,14,Fly Half,2,16-Nov-13,23,21,187,97
England,Jack Nowell,10,Wing,1.8,1-Feb-14,22,20,180,89
Fiji,Leroy Atalifo,4,Prop,1.4,28-Jun-14,27,26,180,130
New Zealand,Codie Taylor,4,Hooker,0.4,17-Jul-15,24,24,183,106
Japan,Kenki Fukuoka,17,Wing,2.6,20-Apr-13,23,20,175,83
New Zealand,Colin Slade,21,Fly Half,5.2,11-Sep-10,28,23,183,90
USA,Danny Barrett,13,Back Row,1.5,7-Jun-14,25,24,193,97
USA,Blaine Scully,29,Wing,4.4,18-Jun-11,27,23,192,92
USA,Mike Petri,57,Scrum Half,8.2,30-Sep-07,31,23,180,86
Namibia,Damian Stevens,4,Scrum Half,0.3,8-Aug-15,20,20,175,82
Samoa,Fa'atoina Autagavaia,18,Full Back,3.5,5-Jun-12,27,24,178,82
Canada,Doug Wooldridge,23,Prop,6.5,23-May-09,29,23,180,106
Namibia,Danie Van Wyk,15,Centre,4.5,10-Jun-11,29,25,188,91
Canada,Connor Braid,19,Fly Half,5.1,6-Nov-10,25,20,185,82
Fiji,Taniela Koroi,3,Prop,1,21-Nov-14,25,24,184,115
Uruguay,Juan De Freitas,41,Back Row,6,21-Nov-09,25,19,181,97
Samoa,Kane Thompson,33,Lock,8.5,19-May-07,33,25,198,113
Italy,Valerio Bernabò,27,Lock,11,27-Nov-04,31,20,198,110
New Zealand,Richie McCaw,148,Back Row,14,17-Nov-01,34,20,187,105
Fiji,Nemia Kenatale,37,Scrum Half,7.4,22-Jun-08,29,22,179,85
Fiji,Tevita Cavubati,12,Lock,4.4,2-Jul-11,28,24,200,120
Georgia,Vazha Khutsishvili,20,Scrum Half,2.8,23-Feb-13,22,19,165,73
Ireland,Jared Payne,10,Centre,1,8-Nov-14,30,29,188,95
Australia,Adam Ashley-Cooper,114,Centre,10.3,20-Aug-05,31,21,182,98
Scotland,Grant Gilchrist,12,Lock,2.7,16-Mar-13,25,22,202,120
France,Wesley Fofana,39,Centre,3.8,4-Feb-12,27,23,182,93
New Zealand,Luke Romano,22,Lock,3.4,23-Jun-12,29,26,199,113
France,Noa Nakaitaci,8,Wing,0.7,15-Mar-15,25,24,190,97
Wales,Ken Owens,34,Hooker,4.2,26-Sep-11,28,24,184,108
Scotland,Sean Maitland,20,Wing,2.8,2-Feb-13,27,24,188,98
Romania,Adrian Apostol,22,Wing,4.5,10-Jun-11,25,21,187,93
Samoa,Iosefa Tekori,34,Lock,8.5,9-Jun-07,31,23,198,119
Scotland,Alasdair Dickinson,52,Prop,8.2,23-Sep-07,32,24,185,111
South Africa,Lodewyk De Jager,19,Lock,1.5,14-Jun-14,22,21,205,125
New Zealand,Keven Mealamu,132,Hooker,13,23-Nov-02,36,23,181,109
Argentina,Marcelo Bosch,39,Centre,8.5,9-Jun-07,31,23,186,92
Scotland,Alasdair Strokosch,47,Back Row,9,25-Nov-06,32,23,191,109
France,Morgan Parra,66,Scrum Half,7.8,3-Feb-08,27,19,180,83
Namibia,Torsten Van Jaarsveld,11,Hooker,1.1,29-Oct-14,28,27,173,100
Tonga,Hale T Pole,33,Back Row,8.8,10-Feb-07,36,27,190,109
Canada,Ray Barkwill,26,Hooker,3,9-Nov-12,35,32,180,103
England,Courtney Lawes,42,Lock,6.1,7-Nov-09,26,20,201,115
France,Pascal Pape,65,Lock,11.8,14-Feb-04,35,23,195,118
Ireland,Rhys Ruddock,6,Back Row,5.4,26-Jun-10,25,20,191,111
England,Kieran Brookes,15,Prop,1.5,14-Jun-14,25,24,186,122
England,George Kruis,10,Lock,1,8-Nov-14,25,24,198,112
Georgia,Konstantine Mikautadze,40,Lock,5.5,11-Jun-10,24,19,200,125
Romania,Madalin Lemnaru,30,Wing,6.8,7-Feb-09,26,19,188,95
Samoa,Maurie Faasavalu,27,Back Row,13.4,6-Jul-02,35,22,191,112
Tonga,Sitiveni Mafi,17,Back Row,5.5,12-Jun-10,25,20,196,102
Scotland,Peter Horne,15,Centre,2.5,8-Jun-13,26,24,183,92
Australia,Bernard Foley,27,Fly Half,2.1,5-Oct-13,26,24,182,89
Japan,Amanaki Mafi,7,Back Row,1,15-Nov-14,25,24,189,112
Japan,Luke Thompson,63,Lock,8.6,29-Apr-07,34,25,196,108
Canada,Jamie Mackenzie,8,Scrum Half,5.1,6-Nov-10,26,21,175,89
Uruguay,Agustin Ormaechea,27,Scrum Half,4,13-Nov-11,24,20,176,86
South Africa,Schalk Burger,86,Back Row,12.1,24-Oct-03,32,20,193,110
Japan,Shoji Ito,36,Lock,3.6,28-Apr-12,34,30,191,100
Uruguay,Carlos Arboleya,54,Hooker,11.1,30-Oct-04,30,19,173,110
New Zealand,Ma'a Nonu,103,Centre,12.5,14-Jun-03,33,21,182,108
Georgia,Merab Kvirikashvili,88,Full Back,12.8,16-Feb-03,31,18,177,80
South Africa,Trevor Nyakane,23,Prop,2.5,8-Jun-13,26,24,178,120
Uruguay,Alejo Corral,50,Prop,6,14-Nov-09,34,28,179,105
England,Richard Wigglesworth,27,Scrum Half,7.8,10-Feb-08,32,24,176,86
Namibia,Johan Tromp,22,Full Back,3,10-Nov-12,24,21,183,91
South Africa,Jannie Du Plessis,70,Prop,8.4,7-Jul-07,33,25,187,123
Namibia,JC Greyling,10,Centre,1.1,29-Oct-14,24,23,187,92
Tonga,Kurt Morath,30,Fly Half,6,28-Nov-09,31,25,186,85
Tonga,Sione Piukala,17,Centre,3,10-Nov-12,30,27,180,105
Italy,Marcello Violi,2,Scrum Half,0.3,22-Aug-15,22,22,176,83
South Africa,Frans Malherbe,12,Prop,2,9-Nov-13,24,22,190,123
Italy,Samuela Vunisa,11,Back Row,1,22-Nov-14,27,26,189,117
Namibia,Johnny Redelinghuys,49,Prop,9.2,9-Sep-06,31,22,184,127
Canada,Brett Beukeboom,18,Lock,3.5,9-Jun-12,25,22,196,113
Romania,Michael Wiringi,4,Fly Half,0.4,21-Jun-15,30,30,173,87
USA,Samu Manoa,15,Lock,5,27-Nov-10,30,25,198,122
Italy,Enrico Bacchin,5,Centre,0.7,28-Feb-15,22,21,182,97
Scotland,Sam Hidalgo-Clyne,8,Scrum Half,0.8,7-Feb-15,22,21,175,87
Australia,Wycliff Palu,57,Back Row,9.4,17-Jun-06,33,24,194,115
South Africa,Fourie Du Preez,76,Scrum Half,11.5,12-Jun-04,33,22,183,88
Ireland,Richardt Strauss,13,Hooker,3,10-Nov-12,29,26,175,101
Samoa,Viliamu Afatia,14,Prop,3.5,5-Jun-12,25,22,181,106
Argentina,Matías Moroni,8,Centre,1.4,20-Jun-14,24,23,184,85
Fiji,Viliame Veikoso,32,Hooker,6,14-Nov-09,33,27,178,102
Fiji,Lepani Botia,7,Centre,2,9-Nov-13,26,24,178,98
South Africa,Victor Matfield,127,Lock,14.4,30-Jun-01,38,24,201,110
Australia,Kurtley Beale,60,Fly Half,6,28-Nov-09,26,20,184,92
Argentina,Javier Ortega Desio,19,Back Row,3.5,20-May-12,25,22,193,104
Australia,Scott Sio,16,Prop,2.3,17-Aug-13,24,22,187,115
Japan,Atsushi Hiwasa,51,Scrum Half,4.6,30-Apr-11,28,23,166,72
South Africa,Willie Le Roux,34,Full Back,2.5,8-Jun-13,26,24,186,90
Japan,Ayumu Goromaru,57,Full Back,10.6,16-Apr-05,29,18,185,99
New Zealand,Owen Franks,78,Prop,6.4,27-Jun-09,27,21,185,118
USA,Andrew Durutalo,12,Back Row,3.5,9-Jun-12,28,25,187,102
USA,Folau Niua,17,Full Back,2.3,17-Aug-13,30,28,180,92
Australia,Will Skelton,14,Lock,1.4,21-Jun-14,23,22,203,140
Namibia,Eugene Jantjies,46,Scrum Half,9.5,27-May-06,29,20,177,87
USA,Matekitonga Moeakiola,32,Prop,8.2,8-Sep-07,37,29,183,118
Ireland,Jack McGrath,25,Prop,2,9-Nov-13,26,24,185,118
Ireland,Cian Healy,56,Prop,6,15-Nov-09,28,22,185,112
Scotland,Jon Welsh,11,Prop,3.7,17-Mar-12,29,25,185,111
Georgia,Viktor Kolelishvili,36,Back Row,7.4,20-Jun-08,26,19,192,104
Uruguay,Juan Manuel Gaminara,27,Back Row,5,13-Nov-10,26,21,175,95
France,Alexandre Dumoulin,8,Centre,1,8-Nov-14,26,25,189,98
Ireland,Sean Cronin,48,Hooker,6,21-Nov-09,29,23,180,101
England,Danny Care,53,Scrum Half,7.5,14-Jun-08,28,21,175,85
Australia,Sekope Kepu,63,Prop,7.1,8-Nov-08,29,22,188,118
Wales,Liam Williams,26,Full Back,3.5,2-Jun-12,24,21,188,87
Ireland,Rob Kearney,67,Full Back,8.5,2-Jun-07,29,21,185,95
France,Eddy Ben Arous,12,Prop,2.4,22-Jun-13,25,23,184,109
Ireland,Sean O'Brien,41,Back Row,6,21-Nov-09,28,22,188,108
Namibia,Johan Deysel,12,Centre,2,16-Nov-13,24,22,184,94
Canada,Richard Thorpe,8,Back Row,1,14-Nov-14,31,30,187,105
Romania,Otar Turashvili,25,Hooker,3.5,8-Jun-12,29,26,184,118
Uruguay,Jorge Zerbino,14,Lock,0.6,11-Apr-15,23,22,192,112
Fiji,Metuisela Talebula,19,Full Back,3.4,16-Jun-12,24,21,186,88
Namibia,Raoul Larson,8,Prop,4.2,10-Sep-11,31,27,185,125
England,Tom Youngs,28,Hooker,3,10-Nov-12,28,25,175,102
South Africa,Francois Louw,43,Back Row,5.5,5-Jun-10,30,25,190,114
Tonga,Soane Tonga'uiha,18,Prop,10,12-Nov-05,33,23,194,115
Argentina,Nahuel Tetaz Chaparro,22,Prop,5.5,23-May-10,26,21,188,121
Georgia,Lasha Lomidze,15,Back Row,2.8,23-Feb-13,23,20,195,108
Argentina,Mariano Galarza,25,Lock,5.5,12-Jun-10,29,24,203,115
Samoa,Vavao Afemai,8,Scrum Half,1.5,30-May-14,23,22,168,65
New Zealand,Sonny Bill Williams,33,Centre,5.1,6-Nov-10,30,25,191,108
Fiji,Waisea Nayacalevu,13,Wing,3.5,5-Jun-12,25,22,195,97
Scotland,Tommy Seymour,22,Wing,2.4,15-Jun-13,27,25,183,95
Wales,Jamie Roberts,74,Centre,7.8,9-Feb-08,29,21,193,110
South Africa,Morne Steyn,60,Fly Half,6.4,20-Jun-09,31,25,186,91
England,Billy Vunipola,21,Back Row,2.5,8-Jun-13,23,21,188,126
Samoa,Ken Pisi,10,Wing,3.5,5-Jun-12,26,23,180,89
Italy,Quintin Geldenhuys,61,Lock,6.5,13-Jun-09,34,28,203,118
Fiji,Asaeli Tikoirotuma,17,Wing,2,9-Nov-13,29,27,186,93
Argentina,Santiago Cordero,18,Wing,2,9-Nov-13,21,19,176,79
Wales,Tyler Morgan,3,Centre,0.3,8-Aug-15,20,20,186,103
England,Jonathan Joseph,16,Centre,3.5,9-Jun-12,24,21,183,93
New Zealand,Tony Woodcock,118,Prop,13,23-Nov-02,34,21,184,120
Argentina,Tomas Lavanini,27,Lock,2.6,27-Apr-13,22,19,200,118
Argentina,Jeronimo De La Fuente,19,Centre,1.5,17-May-14,24,23,183,93
Australia,Kane Douglas,23,Lock,3.2,15-Sep-12,26,23,202,123
France,Remi Tales,24,Fly Half,2.4,15-Jun-13,31,29,186,93
Canada,Tyler Ardron,22,Back Row,3.5,9-Jun-12,24,21,194,110
Georgia,Nikoloz Khatiashvili,2,Prop,0.5,13-Jun-15,23,23,177,113
Samoa,Faifili Levave,10,Back Row,2,9-Nov-13,29,27,194,100
Georgia,Karlen Asieshvili,16,Prop,7.4,20-Jun-08,28,21,184,112
New Zealand,Kieran Read,84,Back Row,7.1,8-Nov-08,30,23,193,110
Scotland,Willem Nel,8,Prop,0.3,22-Aug-15,29,29,182,120
France,Damien Chouly,36,Back Row,8.5,2-Jun-07,29,21,192,109
Scotland,Matt Scott,33,Centre,3.7,10-Mar-12,25,21,186,101
Scotland,Stuart Hogg,38,Full Back,3.8,12-Feb-12,23,19,180,93
England,Henry Slade,2,Centre,0.3,15-Aug-15,22,22,190,90
Ireland,Peter O'Mahony,35,Back Row,3.8,25-Feb-12,26,22,191,107
Namibia,Janco Venter,11,Lock,2,8-Nov-13,21,19,193,100
Uruguay,Matias Beer,15,Utility Forward,1.6,26-Apr-14,21,19,193,87
Namibia,Jaco Engels,15,Prop,2.5,11-Jun-13,34,32,185,122
Italy,Tommaso Allan,21,Fly Half,2,9-Nov-13,22,20,184,87
Romania,Tudorel Bratu,1,Scrum Half,0.1,11-Oct-15,24,24,175,80
Ireland,Eoin Reddan,68,Scrum Half,9.8,11-Feb-06,35,25,178,83
Wales,Dan Biggar,39,Fly Half,7,14-Nov-08,26,19,185,94
Fiji,Peceli Yato,6,Back Row,0.4,18-Jul-15,22,22,183,104
Samoa,Rey Lee-Lo,6,Centre,1,14-Nov-14,29,28,181,90
Tonga,Viliami Ma'afu,28,Back Row,4.5,8-Jun-11,33,29,190,109
England,Dan Cole,56,Prop,5.8,6-Feb-10,28,22,189,118
Wales,Justin Tipuric,38,Back Row,4.3,20-Aug-11,26,22,186,101
Japan,Akihito Yamada,15,Wing,2,15-Nov-13,30,28,181,90
Canada,Matt Evans,32,Full Back,7.1,8-Nov-08,27,20,183,93
Argentina,Julian Montoya,16,Hooker,1.5,17-May-14,22,21,183,110
Tonga,Sonatane Takulua,14,Scrum Half,1.5,7-Jun-14,24,23,180,95
Canada,Nanyak Dala,37,Back Row,8.5,2-Jun-07,31,23,178,100
Georgia,Mikheil Nariashvili,32,Prop,3.8,11-Feb-12,25,21,186,118
France,Yannick Nyanga,46,Back Row,11.4,3-Jul-04,31,20,188,103
Italy,Alberto De Marchi,29,Prop,3.5,9-Jun-12,29,26,183,117
Ireland,Tommy Bowe,67,Wing,11,20-Nov-04,31,20,190,96
Scotland,Richie Gray,51,Lock,5.8,7-Feb-10,26,20,207,126
Wales,Rhys Priestland,40,Fly Half,4.8,12-Feb-11,28,23,182,90
Uruguay,Mateo Sanguinetti,18,Prop,1.6,26-Apr-14,23,21,185,105
England,Jonny May,19,Wing,2.4,15-Jun-13,25,23,189,90
Fiji,Kini Murimurivalu,13,Full Back,4.4,2-Jul-11,26,22,184,94
USA,Chris Baumann,7,Prop,0.3,29-Jul-15,28,28,183,118
USA,Greg Peterson,11,Lock,1,8-Nov-14,24,23,204,123
England,Jamie George,3,Hooker,0.3,22-Aug-15,25,25,183,109
Canada,Gordon McRorie,15,Scrum Half,1.5,7-Jun-14,27,26,178,80
Canada,Evan Olmstead,7,Lock,0.3,29-Jul-15,24,24,197,115
Japan,Karne Hesketh,14,Wing,1,15-Nov-14,30,29,178,98
Argentina,Facundo Isa,13,Back Row,1,8-Nov-14,22,21,188,103
England,Brad Barritt,26,Centre,3.8,4-Feb-12,29,25,185,95
Wales,Gareth Anscombe,3,Full Back,0.3,8-Aug-15,24,24,184,90
Italy,Andrea Masi,95,Full Back,16.3,26-Aug-99,34,18,183,99
New Zealand,Charlie Faumuina,33,Prop,3.2,8-Sep-12,28,25,184,128
England,Tom Wood,42,Back Row,4.8,4-Feb-11,29,24,193,108
Romania,Alexandru Tarus,9,Prop,2.5,12-Jun-13,26,24,184,111
Wales,Dominic Day,3,Lock,0.3,8-Aug-15,30,30,196,116
Italy,Michele Campagnaro,18,Centre,2,16-Nov-13,22,20,184,91
Japan,Craig Wing,11,Centre,2.5,10-May-13,35,33,180,90
Uruguay,Leandro Leivas,44,Wing,7.1,8-Nov-08,27,20,181,98
Namibia,Tinus Du Plessis,47,Back Row,9.2,9-Sep-06,31,22,195,104
Japan,Keita Inagaki,10,Prop,1,15-Nov-14,25,24,183,115
Italy,Luke McLean,75,Full Back,7.4,21-Jun-08,28,21,190,98
Italy,Francesco Minto,23,Back Row,3,17-Nov-12,28,25,193,107
USA,Seamus Kelly,23,Centre,2.5,25-May-13,24,22,178,91
France,Fulgence Ouedraogo,39,Back Row,8.5,9-Jun-07,29,21,191,100
England,Alex Goode,19,Full Back,3.4,16-Jun-12,27,24,180,91
Uruguay,Gaston Mieres,41,Full Back,5.5,16-May-10,26,21,181,80
Argentina,Tomas Cubelli,45,Scrum Half,5.5,21-May-10,26,21,175,79
South Africa,Willem Alberts,38,Back Row,5,13-Nov-10,31,26,192,120
Ireland,Paul O'Connell,108,Lock,13.8,3-Feb-02,36,22,198,112
Romania,Valentin Poparlan,51,Lock,8.5,16-Jun-07,28,20,196,117
Romania,Stelian Burcea,53,Back Row,9.4,17-Jun-06,32,23,189,107
Georgia,Davit Kubriashvili,40,Prop,7.8,2-Feb-08,28,20,183,122
Argentina,Juan Figallo,24,Prop,5.4,26-Jun-10,27,22,190,115
England,George Ford,17,Fly Half,1.7,9-Mar-14,22,20,175,80
Samoa,Ma'atulimanu Leiataua,9,Hooker,2.5,8-Jun-13,28,26,180,106
USA,Matthew Trouville,5,Back Row,1,8-Nov-14,29,28,190,100
Tonga,Telusa Veainu,8,Wing,0.4,18-Jul-15,24,24,190,103
Namibia,Eneill Buitendag,15,Scrum Half,5.8,23-Jan-10,26,20,187,97
Namibia,Russel Van Wyk,7,Wing,0.4,21-Jun-15,25,25,180,88
Canada,Phil Mack,31,Scrum Half,6.5,23-May-09,30,24,170,77
Romania,Ovidiu Tonita,72,Back Row,15.8,6-Feb-00,35,19,195,109
Samoa,Jack Lam,19,Back Row,2.5,8-Jun-13,28,26,183,101
USA,Shalom Suniula,16,Fly Half,1.7,22-Mar-14,27,25,180,86
Australia,Dean Mumm,44,Lock,7.5,14-Jun-08,31,24,196,109
Samoa,Census Johnston,52,Prop,10.5,11-Jun-05,34,24,190,135
Scotland,John Hardie,5,Back Row,0.3,22-Aug-15,27,27,183,102
Romania,Mihaita Lazar,51,Prop,7.7,22-Mar-08,29,21,186,118
New Zealand,TJ Perenara,17,Scrum Half,1.5,7-Jun-14,23,22,183,94
Japan,Michael Broadhurst,26,Back Row,3,10-Nov-12,29,26,196,111
Namibia,AJ De Klerk,7,Prop,0.4,17-Jun-15,23,23,178,128
Japan,Masataka Mikami,32,Prop,2.6,20-Apr-13,27,24,178,115
Scotland,Richie Vernon,24,Centre,6,14-Nov-09,28,22,195,102
France,Dimitri Szarzewski,83,Hooker,11.4,10-Jul-04,32,21,181,101
Georgia,Beka Tsiklauri,23,Full Back,7.4,20-Jun-08,26,19,180,87
France,Rory Kockott,11,Scrum Half,1,8-Nov-14,29,28,180,89
Uruguay,Alejandro Nieto,31,Back Row,3.5,20-May-12,27,24,186,108
Uruguay,Franco Lamanna,25,Utility Forward,3.5,8-Jun-12,24,21,188,100
USA,AJ MacGinty,8,Fly Half,0.4,18-Jul-15,25,25,183,87
Namibia,Renaldo Bothma,10,Back Row,1.4,28-Jun-14,26,25,190,113
Argentina,Lucas Gonzalez Amorosino,48,Wing,8,15-Dec-07,30,22,185,93
Tonga,Joseph Tuineau,25,Lock,4.4,2-Jul-11,34,30,203,120
Wales,Aaron Jarvis,16,Prop,3,10-Nov-12,29,26,183,116
Uruguay,Fernando Bascou,26,Back Row,4,13-Nov-11,28,24,188,96
Japan,Toshiaki Hirose,28,Wing,8.6,29-Apr-07,34,25,173,82
Tonga,Opeti Fonua,8,Back Row,6.5,13-Jun-09,29,23,198,120
Argentina,Juan Pablo Orlandi,20,Prop,7.1,8-Nov-08,32,25,190,119
Italy,Andrea Manici,16,Hooker,2.4,15-Jun-13,25,23,183,103
Georgia,Simon Maisuradze,33,Hooker,7.8,23-Feb-08,29,21,180,108
New Zealand,Joe Moody,11,Prop,1.3,16-Aug-14,27,26,188,112
Australia,Tatafu Polota-Nau,61,Hooker,10,12-Nov-05,30,20,181,114
USA,Chris Wyles,54,Full Back,8.5,18-May-07,32,24,183,93
USA,Thretton Palamo,13,Centre,8.2,30-Sep-07,27,19,193,104
France,Mathieu Bastareaud,39,Centre,6.7,27-Feb-09,27,20,183,125
South Africa,Adriaan Strauss,54,Hooker,7.4,19-Jul-08,30,23,184,112
New Zealand,Malakai Fekitoa,13,Centre,1.5,7-Jun-14,23,22,187,99
Tonga,Viliami Tahitua,3,Centre,0.3,24-Jul-15,23,23,180,105
Namibia,Theuns Kotze,29,Fly Half,4.5,15-Jun-11,29,25,175,86
USA,John Quill,17,Back Row,3,9-Nov-12,25,22,187,102
England,David Wilson,44,Prop,6.5,6-Jun-09,30,24,188,122
France,Scott Spedding,14,Full Back,1,8-Nov-14,29,28,186,100
Japan,Kensuke Hatakeyama,72,Prop,7,16-Nov-08,30,23,178,115
Australia,Henry Speight,5,Wing,1,22-Nov-14,27,26,186,97
Georgia,Tamaz Mchedlidze,35,Wing,2.8,2-Feb-13,22,19,194,108
Georgia,Alexander Todua,50,Wing,7.7,29-Mar-08,28,20,183,92
Ireland,Iain Henderson,23,Lock,3,10-Nov-12,23,20,198,114
Georgia,Murazi Giorgadze,9,Wing,1.5,14-Jun-14,21,20,182,85
France,Thierry Dusautoir,80,Back Row,9.4,17-Jun-06,34,25,188,103
Wales,Scott Baldwin,15,Hooker,2.4,15-Jun-13,27,25,190,115
Canada,Conor Trainor,22,Centre,4.5,8-Jun-11,25,21,188,95
Namibia,Leneve Damens,5,Back Row,0.5,6-Jun-15,22,22,186,100
Canada,Ciaran Hearn,49,Centre,7.1,8-Nov-08,29,22,190,100
England,Sam Burgess,5,Centre,0.3,15-Aug-15,26,26,193,116
New Zealand,Wyatt Crockett,45,Prop,6.4,27-Jun-09,32,26,193,116
Ireland,Jordi Murphy,14,Back Row,1.8,22-Feb-14,24,22,188,108
France,Guilhem Guirado,38,Hooker,7.7,9-Mar-08,29,21,180,109
Tonga,Sosefo Maake,1,Scrum Half,0.3,29-Jul-15,24,24,179,97
Australia,Tevita Kuridrani,31,Centre,2.3,17-Aug-13,24,22,192,102
South Africa,Zane Kirchner,31,Full Back,6.4,4-Jul-09,31,25,184,92
Ireland,Devin Toner,31,Lock,5,13-Nov-10,29,24,208,124
Argentina,Leonardo Senatore,34,Back Row,4.2,2-Oct-11,31,27,191,106
France,Nicolas Mas,85,Prop,12.4,28-Jun-03,35,23,180,108
Japan,Ryu Koliniasi Holani,44,Back Row,7.6,10-May-08,34,26,188,112
Australia,Michael Hooper,51,Back Row,3.5,5-Jun-12,24,21,182,101
South Africa,Schalk Brits,10,Hooker,7.4,21-Jun-08,34,27,182,100
South Africa,Bryan Habana,117,Wing,11,20-Nov-04,32,21,179,94
Australia,Sean McMahon,6,Back Row,1,8-Nov-14,21,20,186,100
Samoa,Anthony Perenise,28,Prop,5.5,12-Jun-10,33,28,182,118
France,Frederic Michalak,77,Fly Half,14.1,10-Nov-01,33,19,180,87
Samoa,Alesana Tuilagi,37,Wing,13.4,22-Jun-02,34,21,194,111
Namibia,Conrad Marais,10,Wing,5,20-Nov-10,26,21,193,103
Georgia,Levan Datunashvili,75,Lock,11.8,22-Feb-04,32,20,196,114
Scotland,Duncan Weir,21,Fly Half,3.8,26-Feb-12,24,20,176,90
Wales,Mike Phillips,94,Scrum Half,12.3,27-Aug-03,33,21,191,102
Argentina,Nicolas Sanchez,39,Fly Half,5.5,21-May-10,27,22,177,83
South Africa,Jean De Villiers,109,Centre,13.1,9-Nov-02,34,21,190,100
New Zealand,Daniel Carter,112,Fly Half,12.4,21-Jun-03,33,21,178,96
Australia,Ben McCalman,47,Back Row,5.3,24-Jul-10,27,22,192,106
Uruguay,Alberto Roman,37,Centre,4.5,14-May-11,28,24,180,96
Canada,Jebb Sinclair,42,Back Row,7.1,1-Nov-08,29,22,193,111
New Zealand,Dane Coles,36,Hooker,3,11-Nov-12,28,25,184,110
New Zealand,Sam Cane,31,Back Row,3.4,16-Jun-12,23,20,189,105
Canada,Liam Underwood,11,Fly Half,2.5,25-May-13,24,22,189,91
Ireland,Mike Ross,56,Prop,6.5,23-May-09,35,29,188,127
South Africa,Coenie Oosthuizen,23,Prop,3.5,9-Jun-12,26,23,187,126
Fiji,Nemia Soqeta,9,Lock,1,8-Nov-14,30,29,196,117
Japan,Yoshikazu Fujita,29,Wing,3.6,5-May-12,22,18,184,90
Georgia,Giorgi Begadze,40,Scrum Half,4.5,15-Jun-11,29,25,178,81
Samoa,Kahn Fotuali'i,28,Scrum Half,5.1,30-Oct-10,33,28,184,94
Australia,Rob Horne,29,Wing,5.5,5-Jun-10,26,21,186,93
Wales,Gareth Davies,9,Scrum Half,1.5,14-Jun-14,25,24,178,90
Australia,Greg Holmes,24,Prop,10.1,5-Nov-05,32,22,187,114
Italy,Gonzalo Garcia,39,Centre,7.4,21-Jun-08,31,24,185,96
England,Joe Marler,37,Prop,3.5,9-Jun-12,25,22,183,113
Fiji,Isei Colati,9,Prop,1.5,7-Jun-14,31,30,175,115
Fiji,Nikola Matawalu,28,Scrum Half,5.5,12-Jun-10,26,21,179,85
Wales,James Hook,81,Centre,9.5,11-Jun-06,30,21,183,95
Romania,Florin Surugiu,54,Scrum Half,7.5,11-Jun-08,30,23,170,81
England,James Haskell,62,Back Row,8.7,17-Mar-07,30,21,193,114
Tonga,Paula Ngauamo,6,Hooker,1.5,7-Jun-14,25,24,185,122
Canada,DTH Van Der Merwe,39,Wing,9.4,24-Jun-06,29,20,185,101
Georgia,Giorgi Tkhilaishvili,24,Back Row,3.5,9-Jun-12,24,21,180,103
Uruguay,Jeronimo Etcheverry,43,Utility Back,7.1,8-Nov-08,27,20,178,85
Canada,Jake Ilnicki,9,Prop,2,9-Nov-13,23,21,180,125
Romania,Johannes van Heerden,5,Lock,0.2,5-Sep-15,28,28,196,118
Scotland,Kevin Bryce,3,Hooker,1.5,14-Jun-14,27,26,178,92
Wales,Paul James,65,Prop,12.3,27-Aug-03,33,21,186,116
Romania,Danut Dumbrava,74,Fly Half,13.1,1-Nov-02,34,21,187,95
Scotland,Blair Cowan,15,Back Row,1.5,7-Jun-14,29,28,188,108
Wales,Hallam Amos,5,Wing,2,22-Nov-13,21,19,180,98
Georgia,Merab Sharikadze,40,Centre,3.8,11-Feb-12,22,18,185,96
Georgia,Davit Kacharava,87,Centre,9.6,29-Apr-06,30,20,184,96
Namibia,Darryl De La Harpe,28,Centre,5.8,23-Jan-10,29,23,183,97
South Africa,Rudy Paige,2,Scrum Half,0.1,7-Oct-15,26,26,167,70
Australia,David Pocock,55,Back Row,7.1,1-Nov-08,27,20,187,115
Scotland,Ryan Wilson,15,Back Row,2.7,9-Mar-13,26,23,191,105
Romania,Daniel Carpo,54,Back Row,8.5,10-Jun-07,30,22,191,106
Georgia,Giorgi Pruidze,5,Wing,0.5,13-Jun-15,21,21,192,95
Uruguay,Francisco Bulanti,24,Wing,11.6,25-Apr-04,35,23,178,91
Fiji,Sakiusa Matadigo,22,Back Row,9.5,10-Jun-06,33,24,188,106
Samoa,Ofisa Treviranus,35,Back Row,6.4,18-Jun-09,31,25,185,108
Canada,Harry Jones,20,Fly Half,3,17-Nov-12,26,23,185,90
Namibia,Rohan Kitshoff,26,Back Row,5,20-Nov-10,30,25,182,98
Scotland,Gordon Reid,15,Prop,1.5,7-Jun-14,28,27,188,120
Wales,Lloyd Williams,24,Scrum Half,4.3,20-Aug-11,25,21,183,89
Ireland,Tadhg Furlong,3,Prop,0.2,29-Aug-15,23,23,185,119
England,Ben Morgan,31,Back Row,3.8,4-Feb-12,26,22,190,116
USA,Brett Thompson,6,Wing,1.4,21-Jun-14,25,24,193,91
Fiji,Sunia Koto,46,Hooker,10.5,3-Jun-05,35,25,178,110
Wales,Taulupe Faletau,52,Back Row,4.5,4-Jun-11,25,21,189,113
New Zealand,Liam Messam,43,Back Row,7.1,8-Nov-08,31,24,190,109
Wales,Dan Lydiate,51,Back Row,6,21-Nov-09,27,21,193,115
Uruguay,Manuel Blengio,11,Fly Half,0.6,11-Apr-15,21,20,173,77
Romania,Ionut Botezatu,31,Wing,6.8,14-Feb-09,27,20,180,80
Namibia,PJ Van Lill,40,Back Row,9.2,9-Sep-06,31,22,192,113
South Africa,Ruan Pienaar,88,Scrum Half,9.3,26-Aug-06,31,22,186,92
Romania,Viorel Lucaci,46,Back Row,6,28-Nov-09,29,23,190,103
Italy,Tommaso Benvenuti,34,Centre,5,13-Nov-10,24,19,187,100
USA,Louis Stanfill,56,Lock,10.5,25-May-05,30,20,192,110
Italy,Michele Rizzo,22,Prop,10.4,25-Jun-05,33,23,188,110
Samoa,Motu Matu'u,7,Hooker,0.4,18-Jul-15,28,28,180,112
Samoa,TJ Ioane,8,Back Row,1,14-Nov-14,26,25,187,96
Argentina,Ramiro Herrera,20,Prop,1.5,7-Jun-14,26,25,191,130
England,Rob Webber,16,Hooker,3.8,11-Feb-12,29,25,183,110
England,Geoff Parling,29,Lock,3.8,4-Feb-12,32,28,198,114
South Africa,Damian De Allende,13,Centre,1.3,16-Aug-14,24,23,189,109
South Africa,Duane Vermeulen,35,Back Row,3.2,8-Sep-12,29,26,193,108
Canada,John Moonlight,23,Back Row,6.5,6-Jun-09,28,22,187,103
New Zealand,Samuel Whitelock,73,Lock,5.5,12-Jun-10,27,22,202,116
Japan,Justin Ives,33,Back Row,4.6,30-Apr-11,31,26,196,105
Romania,Valentin Ursache,63,Back Row,11.4,26-Jun-04,29,18,194,112
Argentina,Juan Pablo Socino,4,Centre,0.3,25-Jul-15,27,27,174,98
Fiji,Netani Talei,33,Back Row,9.5,10-Jun-06,32,23,190,110
USA,Zach Test,6,Wing,0.4,18-Jul-15,26,26,190,88
Fiji,Gabiriele Lovobalavu,22,Centre,8.5,26-May-07,30,22,176,97
Canada,Aaron Carpenter,71,Hooker,10.5,25-May-05,32,22,183,107
England,Chris Robshaw,43,Back Row,6.5,13-Jun-09,29,23,188,110
Romania,Csaba Gal,88,Centre,10,26-Nov-05,30,20,184,97
South Africa,Bismarck Du Plessis,79,Hooker,8.4,7-Jul-07,31,23,190,115
Georgia,Giorgi Aptsiauri,14,Full Back,1,23-Nov-14,21,20,178,89
Japan,Hiroshi Yamashita,49,Prop,6.6,25-Apr-09,29,22,183,122
New Zealand,Victor Vito,33,Back Row,5.5,12-Jun-10,28,23,192,109
France,Yoann Huget,41,Wing,5,20-Nov-10,28,23,187,96
USA,Eric Fry,36,Prop,4.5,8-Jun-11,28,24,193,116
Italy,Dario Chistolini,13,Prop,1.5,14-Jun-14,27,26,180,109
Namibia,Tjiuee Uanivi,14,Lock,1.1,29-Oct-14,24,23,200,108
Japan,Hiroki Yuhara,22,Hooker,5.6,1-May-10,31,25,173,102
Canada,Nathan Hirayama,23,Fly Half,7.1,1-Nov-08,27,20,183,88
Fiji,Ben Volavola,9,Fly Half,0.4,11-Jul-15,24,24,191,89
Tonga,Aleki Lutui,38,Hooker,16.7,28-Mar-99,37,20,185,108
Canada,Jamie Cudmore,39,Lock,13.4,13-Jul-02,37,24,198,116
Fiji,Nemani Nadolo,23,Centre,5.5,5-Jun-10,27,22,194,125
Ireland,Simon Zebo,21,Wing,3.5,9-Jun-12,25,22,188,94
Georgia,Lasha Malaguradze,62,Fly Half,7.8,2-Feb-08,29,21,185,92
Fiji,Campese Ma'afu,39,Prop,5.5,5-Jun-10,30,25,182,114
Tonga,Jack Ram,5,Back Row,0.3,29-Jul-15,28,28,189,105
Uruguay,Rodrigo Silva,18,Utility Back,3,11-Nov-12,23,20,175,75
Italy,Matias Aguero,40,Prop,10,12-Nov-05,34,24,184,106
Samoa,Tim Nanai-Williams,5,Full Back,0.4,8-Jul-15,26,26,178,88
Fiji,Akapusi Qera,51,Back Row,10.4,9-Jul-05,31,21,193,102
Italy,Carlo Canna,7,Fly Half,0.3,22-Aug-15,23,23,185,90
USA,Joe Taufetee,1,Prop,0.1,7-Oct-15,23,23,183,114
France,Sofiane Guitoune,5,Wing,2,16-Nov-13,26,24,184,94
Uruguay,Felipe Berchesi,18,Fly Half,4,13-Nov-11,24,20,178,80
Argentina,Agustín Creevy,46,Hooker,10.6,23-Apr-05,30,19,182,106
Tonga,Vungakoto Lilo,42,Full Back,8.8,10-Feb-07,32,23,187,95
Canada,Benoit Piffero,10,Hooker,2,9-Nov-13,28,26,183,102
Georgia,Jaba Bregvadze,32,Hooker,7.5,11-Jun-08,28,21,180,102
Ireland,Luke Fitzgerald,34,Wing,9,26-Nov-06,28,19,185,91
USA,Al McFarland,9,Back Row,0.3,24-Jul-15,26,26,193,114
Tonga,Sona Taumalolo,20,Prop,4.4,2-Jul-11,34,30,185,112
USA,Takudzwa Ngwenya,35,Wing,8.2,8-Sep-07,30,22,178,84
New Zealand,Conrad Smith,94,Centre,11,13-Nov-04,34,23,186,95
Ireland,Keith Earls,46,Wing,7.1,8-Nov-08,28,21,178,92
Tonga,Tukulua Lokotui,28,Lock,14,17-Nov-01,35,21,193,118
Uruguay,Agustin Alonso,14,Back Row,1.6,26-Apr-14,24,22,174,85
Italy,Guglielmo Palazzani,15,Scrum Half,1.5,7-Jun-14,24,23,173,83
Ireland,Paddy Jackson,13,Fly Half,2.8,24-Feb-13,23,20,180,80
Italy,Simone Favaro,27,Back Row,6.4,20-Jun-09,27,21,183,100
Georgia,Davit Zirakashvili,53,Prop,11.1,30-Oct-04,32,21,179,117
Argentina,Marcos Ayerza,65,Prop,11,4-Dec-04,32,21,186,113
Georgia,Levan Chilachava,27,Prop,3.8,11-Feb-12,24,20,188,125
Tonga,Halani 'Aulika,17,Prop,4.3,13-Aug-11,32,28,190,120
Wales,Ross Moriarty,4,Back Row,0.3,8-Aug-15,21,21,188,103
New Zealand,Aaron Smith,47,Scrum Half,3.5,9-Jun-12,27,24,171,82
Romania,Catalin Fercu,84,Full Back,10,19-Nov-05,29,19,184,87
Scotland,Mark Bennett,13,Centre,1,8-Nov-14,22,21,183,89
Namibia,Chrysander Botha,37,Full Back,7.3,2-Aug-08,27,20,185,91
Fiji,Malakai Ravulo,36,Back Row,5,13-Nov-10,32,27,190,107
Italy,Martin Castrogiovanni,115,Prop,13.5,8-Jun-02,34,21,188,117
Romania,Eugen Capatana,18,Hooker,3.7,31-Mar-12,29,25,180,105
Australia,Matt Giteau,102,Fly Half,13,16-Nov-02,33,20,178,84
Wales,Sam Warburton,60,Back Row,6.5,6-Jun-09,27,21,188,103
South Africa,Siya Kolisi,13,Back Row,2.4,15-Jun-13,24,22,186,99
Uruguay,Mathias Palomeque,26,Lock,4.5,17-May-11,29,25,191,105
Italy,Marco Fuser,6,Lock,3.4,15-Jun-12,24,21,198,124
France,Benjamin Kayser,37,Hooker,7.4,28-Jun-08,31,24,183,108
Romania,Sabin Stratila,1,Full Back,0.7,14-Mar-15,20,19,187,80
Japan,Shota Horie,42,Hooker,6,15-Nov-09,29,23,180,105
Australia,Matt Toomua,31,Centre,2.3,17-Aug-13,25,23,182,90
South Africa,Lwazi Mvovo,15,Wing,5,20-Nov-10,29,24,181,93
Argentina,Santiago Garcia Botta,7,Prop,2.6,27-Apr-13,23,20,185,105
Italy,Leonardo Ghiraldini,80,Hooker,9.5,11-Jun-06,30,21,184,103
France,Sebastien Tillous-Borde,19,Scrum Half,7.4,28-Jun-08,30,23,176,87
Samoa,Jake Grey,4,Prop,1.5,30-May-14,31,30,170,110
France,Remy Grosso,1,Wing,0.2,1-Oct-15,26,26,188,103
Australia,Rob Simmons,60,Lock,5.3,24-Jul-10,26,21,200,115
Scotland,Henry Pyrgos,17,Scrum Half,3,11-Nov-12,26,23,178,80
Ireland,Ian Madigan,25,Fly Half,2.7,9-Mar-13,26,23,180,90
Argentina,Juan Martín Fernandez Lobbe,71,Back Row,11.6,28-Apr-04,34,22,191,106
Japan,Takeshi Kizu,41,Hooker,6,21-Nov-09,27,21,183,114
,Pauliasi Manu,,Prop,,,27,27,184,115
France,Uini Atonio,10,Prop,1,8-Nov-14,25,24,197,145
Scotland,Josh Strauss,5,Back Row,0.2,23-Sep-15,29,29,193,114
Ireland,Jamie Heaslip,80,Back Row,9,26-Nov-06,31,22,193,110
Namibia,David Philander,26,Wing,7.5,14-Jun-08,28,21,175,93
France,Yoann Maestri,42,Lock,3.8,4-Feb-12,27,23,201,119
Wales,Alun Wyn Jones,94,Lock,9.5,11-Jun-06,30,21,196,125
South Africa,JP Pietersen,66,Wing,9.2,9-Sep-06,29,20,191,102
Japan,Shinya Makabe,34,Lock,6,21-Nov-09,28,22,192,118
Italy,Sergio Parisse,114,Back Row,13.5,8-Jun-02,32,19,196,112
Canada,Phil Mackenzie,29,Wing,7.1,1-Nov-08,28,21,185,96
Canada,Andrew Tiedemann,38,Prop,6.5,30-May-09,27,21,183,115
Fiji,Josh Matavesi,16,Fly Half,6,14-Nov-09,25,19,184,93
Fiji,Apisalome Ratuniyarawa,18,Lock,3,10-Nov-12,29,26,198,114
Wales,Matthew Morgan,5,Full Back,1.5,14-Jun-14,23,22,173,77
Ireland,Darren Cave,11,Centre,6.5,23-May-09,28,22,183,93
Scotland,Sean Lamont,101,Wing,11.5,4-Jun-04,34,23,188,105
Samoa,Johnny Leota,20,Centre,4.4,9-Jul-11,31,27,183,93
France,Rabah Slimani,21,Prop,2,9-Nov-13,26,24,178,112
Uruguay,Santiago Gibernau,35,Utility Back,6.6,25-Apr-09,27,20,183,85
Tonga,Nili Latu,43,Back Row,9.5,4-Jun-06,33,24,180,101
Wales,Eli Walker,1,Wing,0.3,8-Aug-15,23,23,184,91
Namibia,Louis van der Westhuizen,6,Hooker,2,8-Nov-13,20,18,178,93
Romania,Valentin Calafeteanu,77,Scrum Half,11,20-Nov-04,30,19,182,82
Uruguay,Nicolas Klappenbach,48,Hooker,10,12-Nov-05,33,23,178,98
Scotland,Fraser Brown,15,Hooker,2.4,22-Jun-13,26,24,183,103
South Africa,Tendai Mtawarira,75,Prop,7.5,14-Jun-08,30,23,183,116
England,Mike Brown,43,Full Back,8.5,26-May-07,30,22,183,92
Japan,Hendrik Tui,36,Back Row,3.5,10-Jun-12,27,24,189,107
New Zealand,Ben Franks,47,Prop,5.5,12-Jun-10,31,26,183,117
Scotland,Tim Visser,23,Wing,3.4,16-Jun-12,28,25,196,109
Uruguay,Diego Magno,51,Back Row,7.4,20-Jun-08,26,19,188,105
Australia,Sam Carter,12,Lock,1.5,7-Jun-14,26,25,200,116
England,Nick Easter,54,Back Row,8.8,10-Feb-07,37,28,192,114
New Zealand,Brodie Retallick,47,Lock,3.5,9-Jun-12,24,21,204,120
Namibia,Wian Conradie,3,Back Row,0.3,8-Aug-15,21,21,185,105
Samoa,Mike Stanley,8,Fly Half,1,8-Nov-14,25,24,183,88
Canada,Djustice Sears-Duru,12,Prop,2,23-Nov-13,21,19,185,118
Uruguay,Alejo Duran,35,Scrum Half,3.5,8-Jun-12,24,21,171,79
Wales,Bradley Davies,49,Lock,6.8,8-Feb-09,28,21,198,122
Uruguay,Santiago Vilaseca,37,Lock,7.5,31-May-08,31,24,187,106
USA,Andrew Suniula,38,Centre,7,16-Nov-08,33,26,189,105
Italy,Mauro Bergamasco,106,Back Row,17,18-Nov-98,36,19,185,104
Samoa,Sanele Vavae Tuilagi,7,Back Row,0.4,18-Jul-15,27,27,190,108
Scotland,Jonny Gray,19,Lock,2,17-Nov-13,21,19,198,119
Fiji,Talemaitoga Tuapati,31,Hooker,5.5,5-Jun-10,31,26,180,107
Romania,Paula Kinikinilau,5,Centre,0.2,5-Sep-15,29,29,185,105
Romania,Marius Antonescu,10,Lock,1.4,22-Jun-14,23,22,198,112
England,Ben Youngs,52,Scrum Half,5.7,13-Mar-10,26,20,178,87
England,Joe Launchbury,28,Lock,3,10-Nov-12,24,21,198,115
France,Brice Dulin,24,Full Back,3.4,16-Jun-12,25,22,176,82
Samoa,Tusi Pisi,25,Fly Half,4.4,2-Jul-11,33,29,183,93
Romania,Mihai Macovei,67,Back Row,9.5,3-Jun-06,29,20,194,108
New Zealand,Waisake Naholo,3,Wing,0.4,17-Jul-15,24,24,186,102
Australia,Will Genia,66,Scrum Half,6.4,18-Jul-09,27,21,174,82
Canada,Nick Blevins,28,Centre,6,15-Nov-09,27,21,187,98
Fiji,Timoci Nagusa,24,Wing,7.5,7-Jun-08,28,21,188,100
Tonga,Sione Kalamafoni,29,Back Row,8.8,10-Feb-07,27,18,194,117
Georgia,Vasil Lobzhanidze,10,Scrum Half,0.8,7-Feb-15,19,18,175,75
Canada,James Pritchard,62,Full Back,12.3,26-Jul-03,36,24,175,85
Fiji,Leone Nakarawa,35,Lock,6.5,13-Jun-09,27,21,198,117
South Africa,Eben Etzebeth,44,Lock,3.5,9-Jun-12,24,21,203,117
,Andrea Lovotti,,Prop,,,26,26,184,110
Uruguay,Joaquin Prada,32,Centre,2.5,7-Jun-13,24,22,181,93
Fiji,Peni Ravai,13,Prop,2,23-Nov-13,25,23,185,105
South Africa,Pat Lambie,50,Fly Half,5.1,6-Nov-10,25,20,177,89
Australia,James Slipper,74,Prop,5.5,12-Jun-10,26,21,186,117
Wales,George North,55,Wing,5,13-Nov-10,23,18,192,107
Italy,Josh Furno,35,Lock,4.3,20-Aug-11,26,22,200,108
Argentina,Guido Petti Pagadizabal,12,Lock,1,14-Nov-14,21,20,193,104
Romania,Andrei Radoi,50,Hooker,7.7,22-Mar-08,28,20,181,103
Canada,Kyle Gilmour,14,Back Row,2,23-Nov-13,27,25,185,85
Argentina,Lucas Noguera,23,Prop,1.5,17-May-14,22,21,179,107
USA,Cam Dolan,20,Back Row,2.4,19-Jun-13,25,23,198,107
Georgia,Anton Peikrishvili,16,Prop,7.8,2-Feb-08,28,20,182,118
USA,Phil Thiel,36,Hooker,6,14-Nov-09,31,25,180,111
Tonga,Uili Kolo'ofa'i,5,Lock,2,9-Nov-13,33,31,197,118
France,Alexandre Flanquart,18,Lock,2.5,8-Jun-13,26,24,204,120
Georgia,Shalva Mamukashvili,35,Hooker,4.5,10-Jun-11,25,21,180,106
South Africa,Jan Serfontein,26,Centre,2.5,8-Jun-13,22,20,187,97
Ireland,Conor Murray,42,Scrum Half,4.3,13-Aug-11,26,22,188,94
New Zealand,Nehe Milner-Skudder,8,Wing,0.3,8-Aug-15,24,24,182,90
Namibia,Jacques Burger,36,Back Row,11.3,14-Aug-04,32,21,188,102
Tonga,Sila Puafisi,23,Prop,4.4,9-Jul-11,27,23,183,94
Canada,Hubert Buydens,39,Prop,9.5,10-Jun-06,33,24,191,120
Wales,Samson Lee,17,Prop,2,16-Nov-13,22,20,192,107
Georgia,Giorgi Nemsadze,54,Lock,10,12-Nov-05,31,21,194,111
Namibia,Heinrich Smit,13,Wing,2.5,11-Jun-13,25,23,175,88
USA,Titi Lamositele,16,Prop,2.3,17-Aug-13,20,18,183,113
Japan,Fumiaki Tanaka,53,Scrum Half,7.6,3-May-08,30,22,166,71
Uruguay,German Kessler,13,Hooker,0.6,11-Apr-15,21,20,184,105
USA,Hayden Smith,29,Lock,7.1,8-Nov-08,30,23,200,116
USA,Oli Kilifi,15,Prop,2,16-Nov-13,29,27,180,118
Samoa,George Pisi,19,Centre,5.5,12-Jun-10,29,24,188,103
USA,Zach Fenoglio,17,Hooker,3,9-Nov-12,26,23,188,117
Uruguay,Andres Vilaseca,16,Centre,2.6,27-Apr-13,24,21,196,95
Australia,Drew Mitchell,70,Wing,10.4,9-Jul-05,31,21,182,92
Samoa,Alafoti Faosiliva,15,Back Row,9.4,17-Jun-06,30,21,185,112
Ireland,Chris Henry,24,Back Row,5.4,26-Jun-10,31,26,191,107
South Africa,Handre Pollard,20,Fly Half,1.4,28-Jun-14,21,20,189,98
Argentina,Santiago Gonzalez Iglesias,19,Centre,4.5,22-May-11,27,23,178,89
New Zealand,Tawera Kerr-Barlow,20,Scrum Half,3,11-Nov-12,25,22,187,89
Ireland,Dave Kearney,14,Wing,2,9-Nov-13,26,24,180,91
Wales,Jake Ball,15,Lock,1.8,8-Feb-14,24,22,200,122
Japan,Yu Tamura,35,Fly Half,3.6,28-Apr-12,26,22,181,92
England,Anthony Watson,15,Wing,1,8-Nov-14,21,20,188,90
Argentina,Matias Alemanno,20,Lock,1.5,17-May-14,23,22,198,112
Romania,Paulica Ion,74,Prop,12.1,22-Oct-03,32,20,183,118
Scotland,Greig Laidlaw,46,Scrum Half,5,13-Nov-10,30,25,176,80
Romania,Florin Vlaicu,85,Centre,9.5,3-Jun-06,29,20,186,98
Tonga,Tevita Mailau,18,Prop,3.5,5-Jun-12,30,27,180,100
Wales,Cory Allen,4,Centre,2,16-Nov-13,22,20,193,99
France,Vincent Debaty,37,Prop,9.4,17-Jun-06,34,25,190,125
Scotland,Ryan Grant,25,Prop,3.5,5-Jun-12,30,27,183,111
England,Owen Farrell,35,Fly Half,3.8,4-Feb-12,24,20,188,90
Wales,Scott Williams,34,Centre,4.5,4-Jun-11,25,21,185,100
Italy,Davide Giazzon,24,Hooker,3.5,9-Jun-12,29,26,180,106
Italy,Giovanbattista Venditti,33,Wing,3.8,4-Feb-12,25,21,187,110
Australia,Nick Phipps,39,Scrum Half,4.4,17-Jul-11,26,22,180,87
Ireland,Donnacha Ryan,34,Lock,7,22-Nov-08,31,24,201,116
Japan,Kotaro Matsushima,16,Wing,1.6,3-May-14,22,20,175,88
Ireland,Rory Best,89,Hooker,10,12-Nov-05,33,23,180,110
Argentina,Juan Martín Hernández,58,Fly Half,12.6,27-Apr-03,33,20,187,94
Fiji,Vereniki Goneva,39,Centre,8.5,19-May-07,31,23,189,99
England,Mako Vunipola,27,Prop,3,10-Nov-12,24,21,182,118
Namibia,Johan Coetzee,8,Prop,0.5,6-Jun-15,27,27,186,120
Uruguay,Oscar Duran,35,Prop,14,24-Nov-01,35,21,174,115
Scotland,Tim Swinson,17,Lock,2.4,15-Jun-13,28,26,193,116
Georgia,Shalva Sutiashvili,52,Back Row,10,12-Nov-05,31,21,193,102
France,Louis Picamoles,51,Back Row,7.8,9-Feb-08,29,21,192,118
Canada,Patrick Parfrey,7,Fly Half,2.5,25-May-13,24,22,185,95
Italy,Lorenzo Cittadini,44,Prop,7.8,2-Feb-08,32,24,190,120
Australia,Toby Smith,3,Prop,0.2,5-Sep-15,27,27,190,116
Japan,Michael Leitch,47,Back Row,7,16-Nov-08,27,20,190,105
Georgia,Lasha Khmaladze,39,Fly Half,7.5,11-Jun-08,27,20,180,82
Samoa,Paul Perez,15,Centre,3.5,5-Jun-12,29,26,189,101
France,Bernard Le Roux,23,Back Row,2.4,15-Jun-13,26,24,196,113
Australia,James Hanson,10,Hooker,3.1,20-Oct-12,27,24,183,104
New Zealand,Jerome Kaino,67,Back Row,9.5,10-Jun-06,32,23,196,110
New Zealand,Julian Savea,41,Wing,3.5,9-Jun-12,25,22,192,106
Tonga,Elvis Taione,21,Hooker,3,10-Nov-12,32,29,178,112
Japan,Kosei Ono,32,Fly Half,8.6,22-Apr-07,28,19,171,83
Tonga,David Halaifonua,15,Wing,6.5,13-Jun-09,28,22,189,85
Fiji,Henry Seniloli,10,Scrum Half,2,23-Nov-13,26,24,174,70
Scotland,Finn Russell,15,Fly Half,1.5,7-Jun-14,23,22,182,87
Tonga,Fetu'u Vainikolo,25,Wing,4.3,13-Aug-11,30,26,180,95
Argentina,Horacio Agulla,63,Wing,10,3-Dec-05,31,21,181,90
Ireland,Jonathan Sexton,56,Fly Half,6,21-Nov-09,30,24,188,92
Australia,Quade Cooper,58,Fly Half,7.1,8-Nov-08,27,20,186,92
Tonga,Siale Piutau,24,Centre,4.3,13-Aug-11,30,26,185,99
Uruguay,Mario Sagario,51,Prop,9.4,22-Jul-06,29,20,187,116
Australia,Israel Folau,38,Full Back,2.4,22-Jun-13,26,24,193,103
Ireland,Nathan White,8,Prop,0.3,15-Aug-15,34,34,188,122
Romania,Horatiu Pungea,28,Prop,3,10-Nov-12,29,26,188,130
Scotland,Ross Ford,94,Hooker,11.1,6-Nov-04,31,20,186,115
Wales,Tom Francis,7,Prop,0.2,29-Aug-15,23,23,189,130
Italy,Edoardo Gori,47,Scrum Half,5,20-Nov-10,25,20,180,86
Samoa,Teofilo Paulo,22,Lock,3,9-Nov-12,28,25,198,122
Argentina,Juan Imhoff,33,Wing,5.5,23-May-10,27,22,185,90
Ireland,Robbie Henshaw,15,Centre,2.5,8-Jun-13,22,20,191,100
Romania,Andrei Ursache,26,Prop,3.8,4-Feb-12,31,27,180,117
Wales,Gethin Jenkins,119,Prop,13.1,1-Nov-02,35,22,188,117
Australia,Scott Fardy,30,Back Row,2.3,17-Aug-13,31,29,198,114
Australia,Joseph Tomane,17,Wing,3.5,5-Jun-12,25,22,188,101
France,Gael Fickou,15,Centre,2.7,16-Mar-13,21,18,190,99
Samoa,Patrick Faapale,7,Fly Half,1.5,30-May-14,24,23,179,90
Wales,Alex Cuthbert,40,Wing,4,3-Dec-11,25,21,198,103
Namibia,Casper Viviers,15,Prop,5,27-Nov-10,27,22,185,112
Argentina,Juan Manuel Leguizamon,65,Back Row,10.6,23-Apr-05,32,21,190,104
Ireland,Mike McCarthy,17,Lock,4.3,6-Aug-11,33,29,193,115
Argentina,Joaquin Tuculet,28,Full Back,3.5,9-Jun-12,26,23,184,86
Georgia,Giorgi Chkhaidze,86,Lock,13.8,3-Feb-02,34,20,195,112
Tonga,Samisoni Fisilau,18,Scrum Half,5.5,12-Jun-10,27,22,182,95
Fiji,Manasa Saulo,27,Prop,3,10-Nov-12,26,23,189,111
Italy,Leonardo Sarto,23,Wing,2.4,22-Jun-13,23,21,192,93
Georgia,Mamuka Gorgodze,65,Back Row,12.8,22-Feb-03,31,18,196,118
USA,Niku Kruger,2,Scrum Half,0.3,22-Aug-15,24,24,175,84
Canada,Jeff Hassler,17,Wing,3.5,9-Jun-12,24,21,178,96
Argentina,Pablo Matera,22,Back Row,2.6,1-May-13,22,19,193,99
Italy,Alessandro Zanni,94,Back Row,10,12-Nov-05,31,21,188,107
Fiji,Dominiko Waqaniburotu,27,Back Row,5.5,5-Jun-10,29,24,189,111
Wales,James King,7,Back Row,2.5,8-Jun-13,25,23,193,108
Italy,Michele Visentin,1,Wing,0.7,28-Feb-15,23,22,184,92
South Africa,Jesse Kriel,11,Centre,0.4,18-Jul-15,21,21,186,96
Romania,Florin Ionita,18,Wing,2.5,12-Jun-13,25,23,195,96
,Rory Sutherland,,Prop,,,23,23,180,110
Samoa,Sakaria Taulafo,40,Prop,6,13-Nov-09,32,26,183,118
